﻿<parameters>
  <parameter name="IIS Web Application Name" defaultValue="Default Web Site/" tags="IisApp">
    <parameterEntry kind="ProviderPath" scope="IisApp" match="^D:\\C\#\\blackjack_WebAPI\ -\ new\\blackjack_WebAPI\\obj\\Debug\\Package\\PackageTmp$" />
    <parameterEntry kind="ProviderPath" scope="setAcl" match="^D:\\C\#\\blackjack_WebAPI\ -\ new\\blackjack_WebAPI\\obj\\Debug\\Package\\PackageTmp$" />
  </parameter>
  <parameter name="Add write permission to App_Data Folder" description="Add write permission to App_Data folder" defaultValue="{IIS Web Application Name}/App_Data" tags="Hidden">
    <parameterEntry kind="ProviderPath" scope="setAcl" match="^D:\\C\#\\blackjack_WebAPI\ -\ new\\blackjack_WebAPI\\obj\\Debug\\Package\\PackageTmp\\App_Data$" />
  </parameter>
  <parameter name="UserContext-Web.config Connection String" description="UserContext Connection String used in web.config by the application to access the database." defaultValue="Data Source=users.csuodcshhtdz.us-west-2.rds.amazonaws.com;Initial Catalog=Users;User Id=sa;Password=testtest" tags="SqlConnectionString">
    <parameterEntry kind="XmlFile" scope="D:\\C\#\\blackjack_WebAPI\ -\ new\\blackjack_WebAPI\\obj\\Debug\\Package\\PackageTmp\\Web\.config$" match="/configuration/connectionStrings/add[@name='UserContext']/@connectionString" />
  </parameter>
</parameters>